_bio2rdf.rdf,_bio2rdf_sections.rdf,_linkingdata.rdf,_linkingdata_sections.rdf,pmc
GENERATED,GENERATED,GENERATED,GENERATED,PMC1183522
GENERATED,GENERATED,GENERATED,GENERATED,PMC1183525
GENERATED,GENERATED,GENERATED,GENERATED,PMC1183523
GENERATED,GENERATED,GENERATED,GENERATED,PMC1183520
GENERATED,GENERATED,GENERATED,GENERATED,PMC1183524
GENERATED,GENERATED,GENERATED,GENERATED,PMC1183527
GENERATED,GENERATED,GENERATED,GENERATED,PMC1183521
GENERATED,GENERATED,GENERATED,GENERATED,PMC1183528
GENERATED,GENERATED,GENERATED,GENERATED,PMC1183526
FILE_NOT_EXIST,FILE_NOT_EXIST,FILE_NOT_EXIST,FILE_NOT_EXIST,PMC1183530
GENERATED,GENERATED,GENERATED,GENERATED,PMC1183529
